{"format_version":"1.10.0","minecraft:attachable":{"description":{"identifier":"pa:assa","materials":{"default":"elytra","enchanted":"elytra_glint"},"textures":{"default":"textures/armor/assa","enchanted":"textures/misc/enchanted_item_glint"},"geometry":{"default":"geometry.assa"},"animations":{"default_controller":"controller.animation.elytra.default","default":"animation.assa.default","gliding":"animation.elytra.gliding","sneaking":"animation.elytra.sneaking","sleeping":"animation.assa.sleeping","swimming":"animation.assa.swimming","move.legs":"animation.assa.move"},"scripts":{"parent_setup":"variable.chest_layer_visible = 0.0;","animate":["default_controller"]},"render_controllers":["controller.render.armor"]}}}