{"format_version":"1.13.0","minecraft:entity":{"description":{"identifier":"add:axolot_girl","is_spawnable":true,"is_summonable":true,"is_experimental":false},"component_groups":{"become_zombie":{"minecraft:transformation":{"into":"minecraft:zombie_villager"}},"baby":{"minecraft:is_baby":{},"minecraft:scale":{"value":0.5},"minecraft:ageable":{"duration":1200,"grow_up":{"event":"minecraft:ageable_grow_up","target":"self"}},"minecraft:behavior.take_flower":{"priority":7},"minecraft:behavior.play":{"priority":8,"speed_multiplier":0.32}},"adult":{"minecraft:tameable":{"probability":1,"tameItems":["pa:ring"],"tame_event":{"event":"minecraft:on_tame","target":"self"}},"minecraft:interact":{"interactions":[{"on_interact":{"filters":{"all_of":[{"test":"is_family","subject":"other","value":"player"},{"test":"has_equipment","domain":"hand","subject":"other","value":"bucket:0"}]}},"use_item":true,"transform_to_item":"bucket:1","play_sounds":"milk","interact_text":"action.interact.milk"}]},"minecraft:behavior.make_love":{"priority":6},"minecraft:behavior.receive_love":{"priority":7},"minecraft:behavior.breed":{"priority":2,"speed_multiplier":1},"minecraft:breedable":{"require_tame":true,"inherit_tamed":true,"breeds_with":[{"mate_type":"pa:cow_girl","baby_type":"pa:cow_girl","breed_event":{"event":"minecraft:entity_born","target":"baby"}}],"breed_items":["pa:buque_tulipas","golden_apple","appleEnchanted"]}},"tame":{"minecraft:behavior.make_love":{"priority":6},"minecraft:behavior.receive_love":{"priority":7},"minecraft:interact":{"interactions":[{"on_interact":{"filters":{"all_of":[{"test":"is_family","subject":"other","value":"player"},{"test":"has_equipment","domain":"hand","subject":"other","value":"bucket:0"}]}},"use_item":true,"transform_to_item":"bucket:1","play_sounds":"milk","interact_text":"action.interact.milk"}]}},"minecraft:pig_transform":{"minecraft:transformation":{"into":"minecraft:zombie_villager"}}},"components":{"minecraft:type_family":{"family":["cow"]},"minecraft:breathable":{"totalSupply":15,"suffocateTime":0},"minecraft:health":{"value":35,"max":35},"minecraft:collision_box":{"width":0.6,"height":1.8},"minecraft:nameable":{"alwaysShow":true,"allowNameTagRenaming":true},"minecraft:movement":{"value":0.5},"minecraft:navigation.walk":{"is_amphibious":true,"can_path_over_water":false,"can_pass_doors":true,"can_open_doors":true,"can_walk":true,"can_swim":true,"avoid_water":false,"avoid_sun":false,"can_sink":true,"avoid_damage_blocks":true},"minecraft:annotation.open_door":{},"minecraft:jump.static":{},"minecraft:can_climb":{},"minecraft:inventory":{"inventory_size":8,"private":true},"minecraft:damage_sensor":[{"on_damage":{"filters":{"test":"is_family","subject":"other","value":"lightning"},"event":"become_witch"},"deals_damage":false},{"on_damage":{"filters":{"test":"is_family","subject":"other","value":"lightning"},"event":"become_zombie"},"deals_damage":true}],"minecraft:behavior.float":{"priority":0},"minecraft:behavior.panic":{"priority":3,"speed_multiplier":0.6},"minecraft:behavior.avoid_mob_type":{"priority":3,"entity_types":[{"filters":{"any_of":[{"test":"is_family","subject":"other","value":"zombie"},{"test":"is_family","subject":"other","value":"zombie_villager"},{"test":"is_family","subject":"other","value":"zombie_pigman"},{"test":"is_family","subject":"other","value":"illager"},{"test":"is_family","subject":"other","value":"vex"}],"other_with_families":[]},"max_dist":8,"walk_speed_multiplier":0.6,"sprint_speed_multiplier":0.6}]},"minecraft:behavior.move_indoors":{"priority":4,"speed_multiplier":0.8},"minecraft:behavior.restrict_open_door":{"priority":5},"minecraft:behavior.open_door":{"priority":6,"close_door_after":true},"minecraft:behavior.move_towards_restriction":{"priority":7,"speed_multiplier":0.6},"minecraft:behavior.share_items":{"priority":8,"max_dist":3,"goal_radius":2,"speed_multiplier":0.5,"entity_types":[{"filters":{"test":"is_family","subject":"other","value":"villager"}}]},"minecraft:behavior.pickup_items":{"priority":9,"max_dist":3,"goal_radius":2,"speed_multiplier":0.5},"minecraft:behavior.random_stroll":{"priority":11,"speed_multiplier":0.6},"minecraft:behavior.look_at_player":{"priority":12,"look_distance":8,"probability":0.02},"minecraft:physics":{},"minecraft:experience_reward":{"on_death":"query.last_hit_by_player ? 10 : 0"},"minecraft:scale":{"value":1,"max":1},"minecraft:transformed":{"minecraft:transformation":{"into":"minecraft:zombie_villager"}},"minecraft:equip_item":{},"render_controllers":["controller.render.cow"],"minecraft:healable":{"items":[{"item":"porkchop","heal_amount":3},{"item":"cooked_porkchop","heal_amount":8},{"item":"fish","heal_amount":2},{"item":"salmon","heal_amount":2},{"item":"clownfish","heal_amount":1},{"item":"pufferfish","heal_amount":1},{"item":"cooked_fish","heal_amount":5},{"item":"cooked_salmon","heal_amount":6},{"item":"beef","heal_amount":3},{"item":"cooked_beef","heal_amount":8},{"item":"chicken","heal_amount":2},{"item":"cooked_chicken","heal_amount":6},{"item":"muttonRaw","heal_amount":2},{"item":"muttonCooked","heal_amount":6},{"item":"rotten_flesh","heal_amount":4},{"item":"rabbit","heal_amount":3},{"item":"cooked_rabbit","heal_amount":5},{"item":"rabbit_stew","heal_amount":10}]},"minecraft:behavior.follow_owner":{"priority":6,"speed_multiplier":1,"start_distance":10,"stop_distance":2},"minecraft:behavior.hurt_by_target":{"priority":1},"minecraft:breathable":{"total_supply":15,"suffocate_time":0,"breathes_air":true,"breathes_water":true},"minecraft:underwater_movement":{"value":0.06},"minecraft:is_hidden_when_invisible":{},"minecraft:combat_regeneration":{},"minecraft:behavior.nearest_attackable_target":{"priority":3,"must_see":true,"reselect_targets":true,"within_radius":20,"must_see_forget_duration":17,"entity_types":[{"filters":{"all_of":[{"test":"in_water","subject":"other","value":true},{"test":"has_component","subject":"self","operator":"!=","value":"minecraft:attack_cooldown"},{"any_of":[{"test":"is_family","subject":"other","value":"squid"},{"test":"is_family","subject":"other","value":"fish"}]}]},"max_dist":8},{"filters":{"all_of":[{"test":"in_water","subject":"other","value":true},{"any_of":[{"test":"is_family","subject":"other","value":"drowned"},{"test":"is_family","subject":"other","value":"guardian"},{"test":"is_family","subject":"other","value":"guardian_elder"}]}]},"max_dist":8}]},"minecraft:behavior.melee_attack":{"priority":4,"on_kill":{"event":"killed_enemy_event","target":"self"}},"minecraft:behavior.move_to_water":{"priority":6,"search_range":16,"search_height":5,"search_count":1,"goal_radius":0.1},"minecraft:behavior.swim_idle":{"priority":7,"idle_time":5,"success_rate":0.05},"minecraft:behavior.random_swim":{"priority":8,"interval":0,"xz_dist":30,"y_dist":15},"minecraft:behavior.random_stroll":{"priority":9,"interval":100},"minecraft:movement.amphibious":{}},"events":{"become_zombie":{"remove":{},"add":{"component_groups":["minecraft:pig_transform"]}},"minecraft:entity_spawned":{"sequence":[{"filters":{"test":"has_component","operator":"!=","value":"minecraft:variant"},"randomize":[{"weight":5,"add":{"component_groups":["baby"]}},{"weight":95,"add":{"component_groups":["adult"]}}]}]},"minecraft:entity_transformed":{"sequence":[{"filters":{"test":"has_component","subject":"other","value":"minecraft:is_baby"},"add":{"component_groups":["baby"]}},{"filters":{"test":"has_component","subject":"other","operator":"!=","value":"minecraft:is_baby"},"add":{"component_groups":["adult"]}}]},"minecraft:entity_born":{"sequence":[{"add":{"component_groups":["baby"]}}]},"minecraft:ageable_grow_up":{"sequence":[{"remove":{"component_groups":["baby"]},"add":{"component_groups":["adult"]}}]},"minecraft:on_tame":{"sequence":[{"add":{"component_groups":["tame"]}}]}}}}