{"format_version":"1.10.0","minecraft:entity":{"description":{"identifier":"pa:polargirl","is_spawnable":true,"is_summonable":true,"is_experimental":false},"component_groups":{"become_zombie":{"minecraft:transformation":{"into":"minecraft:zombie_villager"}},"baby":{"minecraft:is_baby":{},"minecraft:scale":{"value":0.5},"minecraft:ageable":{"duration":1200,"grow_up":{"event":"minecraft:ageable_grow_up","target":"self"}},"minecraft:behavior.take_flower":{"priority":7},"minecraft:behavior.play":{"priority":8,"speed_multiplier":0.32}},"adult":{"minecraft:behavior.make_love":{"priority":6},"minecraft:behavior.receive_love":{"priority":7}},"minecraft:pig_transform":{"minecraft:transformation":{"into":"minecraft:zombie_villager"}},"pa:girl_tame":{"minecraft:type_family":{"family":["player","polarbear"]},"minecraft:is_tamed":{},"minecraft:behavior.nearest_attackable_target":{"priority":1,"within_radius":25,"must_reach":false,"entity_types":[{"filters":{"other_with_families":["blaze","endermite","evocation_illager","illager","magmacube","monster","ravager","shulker","skeleton","slime","stray","undead","vex","vindicator","witch","wither","zombie","zombie_pigman","zombie_villager"]},"max_dist":35,"must_see":false,"walk_speed_multiplier":1,"sprint_speed_multiplier":1,"within_default":1}],"must_see":false,"speed_multiplier":1}},"pa:girl_wild":{"minecraft:type_family":{"family":["polarbear"]},"minecraft:tameable":{"probability":1,"tameItems":["pa:ring"],"tame_event":{"event":"minecraft:on_tame","target":"self"}}}},"components":{"minecraft:type_family":{"family":["polarbear"]},"minecraft:breathable":{"totalSupply":15,"suffocateTime":0},"minecraft:health":{"value":30,"max":30},"minecraft:collision_box":{"width":0.6,"height":1.8},"minecraft:nameable":{"alwaysShow":false,"allowNameTagRenaming":false},"minecraft:movement":{"value":0.5},"minecraft:navigation.walk":{"is_amphibious":true,"can_path_over_water":true,"can_pass_doors":true,"can_open_doors":true,"can_walk":true,"avoid_water":true},"minecraft:annotation.open_door":{},"minecraft:movement.basic":{},"minecraft:jump.static":{},"minecraft:can_climb":{},"minecraft:inventory":{"inventory_size":8,"private":true},"minecraft:damage_sensor":[{"on_damage":{"filters":{"test":"is_family","subject":"other","value":"lightning"},"event":"become_witch"},"deals_damage":false},{"on_damage":{"filters":{"test":"is_family","subject":"other","value":"lightning"},"event":"become_zombie"},"deals_damage":true}],"minecraft:behavior.float":{"priority":0},"minecraft:behavior.panic":{"priority":3,"speed_multiplier":0.6},"minecraft:behavior.avoid_mob_type":{"priority":3,"entity_types":[{"filters":{"any_of":[{"test":"is_family","subject":"other","value":"zombie"},{"test":"is_family","subject":"other","value":"zombie_villager"},{"test":"is_family","subject":"other","value":"zombie_pigman"},{"test":"is_family","subject":"other","value":"illager"},{"test":"is_family","subject":"other","value":"vex"}],"other_with_families":[]},"max_dist":8,"walk_speed_multiplier":0.6,"sprint_speed_multiplier":0.6}]},"minecraft:behavior.move_indoors":{"priority":4,"speed_multiplier":0.8},"minecraft:behavior.restrict_open_door":{"priority":5},"minecraft:behavior.open_door":{"priority":6,"close_door_after":true},"minecraft:behavior.move_towards_restriction":{"priority":7,"speed_multiplier":0.6},"minecraft:behavior.share_items":{"priority":8,"max_dist":3,"goal_radius":2,"speed_multiplier":0.5,"entity_types":[{"filters":{"test":"is_family","subject":"other","value":"villager"}}]},"minecraft:behavior.pickup_items":{"priority":9,"max_dist":3,"goal_radius":2,"speed_multiplier":0.5},"minecraft:behavior.random_stroll":{"priority":11,"speed_multiplier":0.6},"minecraft:behavior.look_at_player":{"priority":12,"look_distance":8,"probability":0.02},"minecraft:physics":{},"minecraft:experience_reward":{"on_death":"query.last_hit_by_player ? 10 : 0"},"minecraft:scale":{"value":1.1,"max":1},"minecraft:attack":{"damage":7},"minecraft:behavior.melee_attack":{"priority":2,"speed_multiplier":1,"target_dist":0,"max_dist":3,"random_stop_interval":100,"track_target":false,"reach_multiplier":1.4},"minecraft:behavior.nearest_attackable_target":{"priority":1,"within_radius":25,"must_reach":false,"entity_types":[{"filters":{"other_with_families":["illager","monster","pillager","ravager","shulker","skeleton","slime","spider","stray","undead","vex","vindicator","witch","wither","zombie","zombie_pigman","zombie_villager","zombiehorse"]},"max_dist":35,"must_see":false,"walk_speed_multiplier":1,"sprint_speed_multiplier":1,"within_default":1}],"must_see":false,"speed_multiplier":1},"minecraft:tameable":{"probability":1,"tameItems":["pa:ring"],"tame_event":{"event":"minecraft:on_tame","target":"self"}},"minecraft:transformed":{"minecraft:transformation":{"into":"minecraft:zombie_villager"}},"minecraft:behavior.follow_owner":{"start_distance":10,"speed_multiplier":1,"stop_distance":2,"priority":6},"minecraft:equip_item":{}},"events":{"become_zombie":{"remove":{},"add":{"component_groups":["minecraft:pig_transform"]}},"minecraft:entity_spawned":{"sequence":[{"filters":{"test":"has_component","operator":"!=","value":"minecraft:variant"},"randomize":[{"weight":5,"add":{"component_groups":["baby","pa:girl_wild"]}},{"weight":95,"add":{"component_groups":["adult","pa:girl_wild"]}}]}]},"minecraft:entity_transformed":{"sequence":[{"filters":{"test":"has_component","subject":"other","value":"minecraft:is_baby"},"add":{"component_groups":["baby"]}},{"filters":{"test":"has_component","subject":"other","operator":"!=","value":"minecraft:is_baby"},"add":{"component_groups":["adult"]}}]},"minecraft:entity_born":{"sequence":[{"add":{"component_groups":["baby"]}}]},"minecraft:ageable_grow_up":{"sequence":[{"remove":{"component_groups":["baby"]},"add":{"component_groups":["adult"]}}]},"minecraft:on_tame":{"remove":{"component_groups":["pa:girl_wild"]},"add":{"component_groups":["pa:girl_tame"]}}}}}:"!=","value":"minecraft:variant"},"randomize":[{"weight":5,"add":{"component_groups":["baby","pa:girl_wild"]}},{"weight":95,"add":{"component_groups":["adult","pa:girl_wild"]}}]}]},"minecraft:entity_transformed":{"sequence":[{"filters":{"test":"has_component","subject":"other","value":"minecraft:is_baby"},"add":{"component_groups":["baby"]}},{"filters":{"test":"has_component","subject":"other","operator":"!=","value":"minecraft:is_baby"},"add":{"component_groups":["adult"]}}]},"minecraft:entity_born":{"sequence":[{"add":{"component_groups":["baby"]}}]},"minecraft:ageable_grow_up":{"sequence":[{"remove":{"component_groups":["baby"]},"add":{"component_groups":["adult"]}}]},"minecraft:on_tame":{"remove":{"component_groups":["pa:girl_wild"]},"add":{"component_groups":["pa:girl_tame"]}}}}}