{"format_version":"1.10.0","minecraft:entity":{"description":{"identifier":"pa:wolf_girl","is_spawnable":true,"is_summonable":true,"is_experimental":false},"component_groups":{"become_zombie":{"minecraft:transformation":{"into":"minecraft:zombie_villager"}},"baby":{"minecraft:is_baby":{},"minecraft:scale":{"value":0.5},"minecraft:ageable":{"duration":1200,"grow_up":{"event":"minecraft:ageable_grow_up","target":"self"}},"minecraft:behavior.take_flower":{"priority":7},"minecraft:behavior.play":{"priority":8,"speed_multiplier":0.32}},"adult":{"minecraft:behavior.make_love":{"priority":6},"minecraft:behavior.receive_love":{"priority":7},"minecraft:breedable":{"require_tame":true,"inherit_tamed":true,"breeds_with":[{"mate_type":"pa:wolf_girl","baby_type":"pa:wolf_girl","breed_event":{"event":"minecraft:entity_born","target":"baby"}}],"breed_items":["pa:buque_tulipas","golden_apple","appleEnchanted"]},"minecraft:behavior.breed":{"priority":2,"speed_multiplier":1}},"minecraft:pig_transform":{"minecraft:transformation":{"into":"minecraft:zombie_villager"}},"minecraft:fox_arctic":{"minecraft:variant":{"value":1}},"minecraft:fox_red":{"minecraft:variant":{"value":0}},"minecraft:noite":{"minecraft:variant":{"value":2}}},"components":{"minecraft:type_family":{"family":["villager","wolf"]},"minecraft:breathable":{"totalSupply":15,"suffocateTime":0},"minecraft:health":{"value":20,"max":20},"minecraft:collision_box":{"width":0.6,"height":1.8},"minecraft:nameable":{"alwaysShow":false,"allowNameTagRenaming":false},"minecraft:movement":{"value":0.5},"minecraft:navigation.walk":{"is_amphibious":true,"can_path_over_water":true,"can_pass_doors":true,"can_open_doors":true,"can_walk":true,"avoid_water":true},"minecraft:annotation.open_door":{},"minecraft:movement.basic":{},"minecraft:jump.static":{},"minecraft:can_climb":{},"minecraft:inventory":{"inventory_size":8,"private":true},"minecraft:damage_sensor":[{"on_damage":{"filters":{"test":"is_family","subject":"other","value":"lightning"},"event":"become_witch"},"deals_damage":false},{"on_damage":{"filters":{"test":"is_family","subject":"other","value":"lightning"},"event":"become_zombie"},"deals_damage":true}],"minecraft:behavior.float":{"priority":0},"minecraft:behavior.move_indoors":{"priority":4,"speed_multiplier":0.8},"minecraft:behavior.restrict_open_door":{"priority":5},"minecraft:behavior.open_door":{"priority":6,"close_door_after":true},"minecraft:behavior.move_towards_restriction":{"priority":7,"speed_multiplier":0.6},"minecraft:behavior.share_items":{"priority":8,"max_dist":3,"goal_radius":2,"speed_multiplier":0.5,"entity_types":[{"filters":{"test":"is_family","subject":"other","value":"villager"}}]},"minecraft:behavior.pickup_items":{"priority":9,"max_dist":3,"goal_radius":2,"speed_multiplier":0.5},"minecraft:behavior.random_stroll":{"priority":11,"speed_multiplier":0.6},"minecraft:behavior.look_at_player":{"priority":12,"look_distance":8,"probability":0.02},"minecraft:physics":{},"minecraft:experience_reward":{"on_death":"query.last_hit_by_player ? 0 : 0"},"minecraft:scale":{"value":0.9,"max":1},"minecraft:tameable":{"probability":1,"tameItems":["pa:ring"],"tame_event":{"event":"minecraft:on_tame","target":"self"}},"minecraft:behavior.follow_owner":{"start_distance":10,"speed_multiplier":1,"stop_distance":2,"priority":6},"minecraft:equip_item":{},"minecraft:transformed":{"minecraft:transformation":{"into":"minecraft:zombie_villager"}},"minecraft:attack":{"damage":5},"minecraft:behavior.melee_attack":{"priority":2,"speed_multiplier":1,"target_dist":0,"max_dist":3,"random_stop_interval":100,"track_target":false,"reach_multiplier":1.4},"minecraft:behavior.nearest_attackable_target":{"priority":1,"within_radius":25,"must_reach":false,"entity_types":[{"filters":{"other_with_families":["blaze","endermite","evocation_illager","illager","magmacube","monster","ravager","shulker","skeleton","slime","stray","undead","vex","vindicator","witch","wither","zombie","zombie_pigman","zombie_villager"]},"max_dist":35,"must_see":false,"walk_speed_multiplier":1,"sprint_speed_multiplier":1,"within_default":1}],"must_see":false,"speed_multiplier":1}},"events":{"become_zombie":{"remove":{},"add":{"component_groups":["minecraft:pig_transform"]}},"minecraft:entity_transformed":{"sequence":[{"filters":{"test":"has_component","subject":"other","value":"minecraft:is_baby"},"add":{"component_groups":["baby"]}},{"filters":{"test":"has_component","subject":"other","operator":"!=","value":"minecraft:is_baby"},"add":{"component_groups":["adult"]}}]},"minecraft:entity_born":{"sequence":[{"add":{"component_groups":["baby"]}}]},"minecraft:ageable_grow_up":{"sequence":[{"remove":{"component_groups":["baby"]},"add":{"component_groups":["adult"]}}]},"minecraft:entity_spawned":{"sequence":[{"randomize":[{"weight":380,"remove":{},"add":{"component_groups":["adult","pa:girl_wild"]}},{"weight":17,"remove":{},"add":{"component_groups":["baby","pa:girl_wild"]}}]},{"filters":{"test":"is_snow_covered","value":true},"add":{"component_groups":["minecraft:fox_arctic"]}},{"filters":{"test":"is_daytime","value":false},"add":{"component_groups":["minecraft:noite"]}}]}}}}