{"format_version":"1.10.0","minecraft:entity":{"description":{"identifier":"pa:rabbit_girl","is_spawnable":true,"is_summonable":true,"is_experimental":false},"component_groups":{"baby":{"minecraft:is_baby":{},"minecraft:scale":{"value":0.5},"minecraft:ageable":{"duration":1200,"grow_up":{"event":"minecraft:ageable_grow_up","target":"self"}},"minecraft:behavior.take_flower":{"priority":7},"minecraft:behavior.play":{"priority":8,"speed_multiplier":0.32}},"adult":{"minecraft:behavior.make_love":{"priority":6},"minecraft:behavior.receive_love":{"priority":7},"minecraft:behavior.breed":{"priority":2,"speed_multiplier":1},"minecraft:breedable":{"require_tame":true,"inherit_tamed":true,"breeds_with":[{"mate_type":"pa:rabbit_girl","baby_type":"pa:rabbit_girl","breed_event":{"event":"minecraft:entity_born","target":"baby"}}],"breed_items":["pa:buque_tulipas","golden_apple","appleEnchanted"]}},"add:azul_branco":{"minecraft:variant":{"value":0}},"add:marrom":{"minecraft:variant":{"value":1}},"add:branco_marrom":{"minecraft:variant":{"value":2}},"add:sexy":{"minecraft:variant":{"value":3}},"add:beje":{"minecraft:variant":{"value":4}}},"components":{"minecraft:type_family":{"family":["rabbit"]},"minecraft:breathable":{"totalSupply":15,"suffocateTime":0},"minecraft:health":{"value":20,"max":20},"minecraft:collision_box":{"width":0.6,"height":1.8},"minecraft:nameable":{"alwaysShow":false,"allowNameTagRenaming":false},"minecraft:movement":{"value":0.7},"minecraft:navigation.walk":{"is_amphibious":true,"can_path_over_water":true,"can_pass_doors":true,"can_open_doors":true,"can_walk":true,"avoid_water":true},"minecraft:annotation.open_door":{},"minecraft:movement.basic":{},"minecraft:jump.static":{},"minecraft:can_climb":{},"minecraft:inventory":{"inventory_size":8,"private":true},"minecraft:damage_sensor":[{"on_damage":{"filters":{"test":"is_family","subject":"other","value":"lightning"},"event":"become_witch"},"deals_damage":false},{"on_damage":{"filters":{"test":"is_family","subject":"other","value":"lightning"},"event":"become_zombie"},"deals_damage":true}],"minecraft:behavior.float":{"priority":0},"minecraft:behavior.panic":{"priority":3,"speed_multiplier":0.6},"minecraft:behavior.avoid_mob_type":{"priority":3,"entity_types":[{"filters":{"any_of":[{"test":"is_family","subject":"other","value":"zombie"},{"test":"is_family","subject":"other","value":"zombie_villager"},{"test":"is_family","subject":"other","value":"zombie_pigman"},{"test":"is_family","subject":"other","value":"illager"},{"test":"is_family","subject":"other","value":"vex"}],"other_with_families":[]},"max_dist":8,"walk_speed_multiplier":0.6,"sprint_speed_multiplier":0.6}]},"minecraft:behavior.move_indoors":{"priority":4,"speed_multiplier":0.8},"minecraft:behavior.restrict_open_door":{"priority":5},"minecraft:behavior.open_door":{"priority":6,"close_door_after":true},"minecraft:behavior.move_towards_restriction":{"priority":7,"speed_multiplier":0.6},"minecraft:behavior.share_items":{"priority":8,"max_dist":3,"goal_radius":2,"speed_multiplier":0.5,"entity_types":[{"filters":{"test":"is_family","subject":"other","value":"villager"}}]},"minecraft:behavior.pickup_items":{"priority":9,"max_dist":3,"goal_radius":2,"speed_multiplier":0.5},"minecraft:behavior.random_stroll":{"priority":11,"speed_multiplier":0.6},"minecraft:behavior.look_at_player":{"priority":12,"look_distance":8,"probability":0.02},"minecraft:physics":{},"minecraft:experience_reward":{"on_death":"query.last_hit_by_player ? 10 : 0"},"minecraft:scale":{"value":0.75,"max":1},"minecraft:equip_item":{},"minecraft:transformed":{"minecraft:transformation":{"into":"minecraft:zombie_villager"}},"minecraft:tameable":{"probability":1,"tame_items":"pa:ring","tame_event":{"event":"minecraft:on_tame","target":"self"}},"minecraft:healable":{"items":[{"item":"porkchop","heal_amount":3},{"item":"cooked_porkchop","heal_amount":8},{"item":"fish","heal_amount":2},{"item":"salmon","heal_amount":2},{"item":"clownfish","heal_amount":1},{"item":"pufferfish","heal_amount":1},{"item":"cooked_fish","heal_amount":5},{"item":"cooked_salmon","heal_amount":6},{"item":"beef","heal_amount":3},{"item":"cooked_beef","heal_amount":8},{"item":"chicken","heal_amount":2},{"item":"cooked_chicken","heal_amount":6},{"item":"muttonRaw","heal_amount":2},{"item":"muttonCooked","heal_amount":6},{"item":"rotten_flesh","heal_amount":4},{"item":"rabbit","heal_amount":3},{"item":"cooked_rabbit","heal_amount":5},{"item":"rabbit_stew","heal_amount":10}]},"minecraft:behavior.follow_owner":{"priority":6,"speed_multiplier":1,"start_distance":10,"stop_distance":2}},"events":{"minecraft:entity_transformed":{"sequence":[{"filters":{"test":"has_component","subject":"other","value":"minecraft:is_baby"},"add":{"component_groups":["baby"]}},{"filters":{"test":"has_component","subject":"other","operator":"!=","value":"minecraft:is_baby"},"add":{"component_groups":["adult"]}}]},"minecraft:entity_born":{"sequence":[{"add":{"component_groups":["baby"]}}]},"minecraft:ageable_grow_up":{"sequence":[{"remove":{"component_groups":["baby"]},"add":{"component_groups":["adult"]}}]},"minecraft:entity_spawned":{"randomize":[{"weight":20,"add":{"component_groups":["add:azul_branco","adult"]}},{"weight":1,"add":{"component_groups":["add:marrom","adult"]}},{"weight":20,"add":{"component_groups":["add:marrom_branco","adult"]}},{"weight":20,"add":{"component_groups":["add:beje","adult"]}},{"weight":20,"add":{"component_groups":["add:sexy","adult"]}}]}}}}