{"format_version":"1.10.0","geometry.fem_axolot_girl":{"texturewidth":64,"textureheight":64,"visible_bounds_width":2,"visible_bounds_height":3.5,"visible_bounds_offset":[0,1.25,0],"bones":[{"name":"Head","pivot":[0,24,0],"cubes":[{"origin":[-4,24,-4],"size":[8,8,8],"uv":[0,0]},{"origin":[-4,24,-4],"size":[8,8,8],"uv":[32,0],"inflate":0.5}]},{"name":"Body","pivot":[0,24,0],"cubes":[{"origin":[-4,12,-2],"size":[8,12,4],"uv":[16,16]}]},{"name":"peito","parent":"Body","pivot":[0,9,15],"rotation":[45,0,0],"cubes":[{"origin":[-4,26.7,9],"size":[8,4,4],"uv":[16,20],"inflate":0.1}]},{"name":"peito2","parent":"Body","pivot":[0,24,0],"cubes":[{"origin":[-1,12,2],"size":[2,3,1],"uv":[0,0]}]},{"name":"RightArm","pivot":[-5,21.5,0],"cubes":[{"origin":[-7,11.5,-2],"size":[3,12,4],"uv":[40,16]}]},{"name":"LeftArm","pivot":[5,21.5,0],"cubes":[{"origin":[4,11.5,-2],"size":[3,12,4],"uv":[32,48]}]},{"name":"RightLeg","pivot":[-1.9,12,0],"cubes":[{"origin":[-3.9,0,-2],"size":[4,12,4],"uv":[0,16]},{"origin":[-3.9,0,-2],"size":[4,12,4],"uv":[0,32],"inflate":0.25}]},{"name":"LeftLeg","pivot":[1.9,12,0],"cubes":[{"origin":[-0.1,0,-2],"size":[4,12,4],"uv":[16,48]},{"origin":[-0.1,0,-2],"size":[4,12,4],"uv":[0,48],"inflate":0.25}]}]}}