{
	"format_version": "1.10.0",
	"geometry.fem_lobo": {
		"texturewidth": 84,
		"textureheight": 84,
		"visible_bounds_width": 3,
		"visible_bounds_height": 3.5,
		"visible_bounds_offset": [0, 1.25, 0],
		"bones": [
			{
				"name": "Head",
				"pivot": [0, 24, 0],
				"cubes": [
					{"origin": [-4, 24, -4], "size": [8, 8, 8], "uv": [0, 0]},
					{"origin": [-4, 24, -4], "size": [8, 8, 8], "uv": [32, 0], "inflate": 0.5},
					{"origin": [-3.5, 32, 0], "size": [2, 2, 1], "uv": [0, 5]},
					{"origin": [1.5, 32, 0], "size": [2, 2, 1], "uv": [0, 5], "mirror": true}
				]
			},
			{
				"name": "bone2",
				"parent": "Head",
				"pivot": [0, 24, 0]
			},
			{
				"name": "Body",
				"pivot": [0, 24, 0],
				"cubes": [
					{"origin": [-4, 12, -2], "size": [8, 12, 4], "uv": [16, 16]},
					{"origin": [-4, 12, -2], "size": [8, 12, 4], "uv": [16, 32], "inflate": 0.25}
				]
			},
			{
				"name": "bone",
				"parent": "Body",
				"pivot": [0, 9, 15],
				"rotation": [45, 0, 0],
				"cubes": [
					{"origin": [-4, 27, 9], "size": [8, 4, 4], "uv": [16, 20]}
				]
			},
			{
				"name": "tail",
				"parent": "Body",
				"pivot": [0, 12, 2],
				"rotation": [70, 0, 0],
				"cubes": [
					{"origin": [-1, 4.47361, 1.32955], "size": [2, 8, 2], "uv": [76, 0]}
				]
			},
			{
				"name": "RightArm",
				"pivot": [-5, 21.5, 0],
				"rotation": [0, 2.5, 0],
				"cubes": [
					{"origin": [-7, 11.5, -2], "size": [3, 12, 4], "uv": [40, 16]},
					{"origin": [-7, 11.5, -2], "size": [3, 12, 4], "uv": [40, 32], "inflate": 0.25}
				]
			},
			{
				"name": "LeftArm",
				"pivot": [5, 21.5, 0],
				"cubes": [
					{"origin": [4, 11.5, -2], "size": [3, 12, 4], "uv": [32, 48]},
					{"origin": [4, 11.5, -2], "size": [3, 12, 4], "uv": [48, 48], "inflate": 0.25}
				]
			},
			{
				"name": "RightLeg",
				"pivot": [-1.9, 12, 0],
				"cubes": [
					{"origin": [-3.9, 0, -2], "size": [4, 12, 4], "uv": [0, 16]},
					{"origin": [-3.9, 0, -2], "size": [4, 12, 4], "uv": [0, 32], "inflate": 0.25}
				]
			},
			{
				"name": "LeftLeg",
				"pivot": [1.9, 12, 0],
				"cubes": [
					{"origin": [-0.1, 0, -2], "size": [4, 12, 4], "uv": [16, 48]},
					{"origin": [-0.1, 0, -2], "size": [4, 12, 4], "uv": [0, 48], "inflate": 0.25}
				]
			}
		]
	}
}