{
	"format_version": "1.10.0",
	"geometry.fem_slime_base": {
		"texturewidth": 64,
		"textureheight": 64,
		"visible_bounds_width": 2,
		"visible_bounds_height": 3.5,
		"visible_bounds_offset": [0, 1.25, 0],
		"bones": [
			{
				"name": "Head",
				"pivot": [0, 24, 0],
				"cubes": [
					{"origin": [-4, 24, -4], "size": [8, 8, 8], "uv": [0, 0], "inflate": -0.6}
				]
			},
			{
				"name": "bone2",
				"parent": "Head",
				"pivot": [0, 0, 0]
			},
			{
				"name": "bone3",
				"parent": "Head",
				"pivot": [0, 0, 0]
			},
			{
				"name": "Body",
				"pivot": [0, 24, 0],
				"cubes": [
					{"origin": [-4, 12, -2], "size": [8, 12, 4], "uv": [16, 16], "inflate": -0.6}
				]
			},
			{
				"name": "bone",
				"parent": "Body",
				"pivot": [0, 9, 15],
				"rotation": [45, 0, 0],
				"cubes": [
					{"origin": [-4, 27.40711, 9.70711], "size": [8, 4, 4], "uv": [16, 20], "inflate": -0.6}
				]
			},
			{
				"name": "RightArm",
				"pivot": [-5, 21.5, 0],
				"cubes": [
					{"origin": [-7, 11.5, -2], "size": [3, 12, 4], "uv": [40, 16], "inflate": -0.6}
				]
			},
			{
				"name": "LeftArm",
				"pivot": [5, 21.5, 0],
				"cubes": [
					{"origin": [4, 11.5, -2], "size": [3, 12, 4], "uv": [32, 48], "inflate": -0.6}
				]
			},
			{
				"name": "RightLeg",
				"pivot": [-1.9, 12, 0],
				"cubes": [
					{"origin": [-3.9, 0, -2], "size": [4, 12, 4], "uv": [0, 16], "inflate": -0.6}
				]
			},
			{
				"name": "LeftLeg",
				"pivot": [1.9, 12, 0],
				"cubes": [
					{"origin": [-0.1, 0, -2], "size": [4, 12, 4], "uv": [16, 48], "inflate": -0.6}
				]
			}
		]
	}
}