{
	"format_version": "1.10.0",
	"geometry.fem_papagaio": {
		"texturewidth": 128,
		"textureheight": 128,
		"visible_bounds_width": 3,
		"visible_bounds_height": 4.5,
		"visible_bounds_offset": [0, 1.75, 0],
		"bones": [
			{
				"name": "Head",
				"pivot": [0, 24, 0],
				"cubes": [
					{"origin": [-4, 24, -4], "size": [8, 8, 8], "uv": [0, 16]},
					{"origin": [-4, 24, -4], "size": [8, 8, 8], "uv": [0, 0], "inflate": 0.5}
				]
			},
			{
				"name": "bone2",
				"parent": "Head",
				"pivot": [0, 22, 19],
				"rotation": [60, 0, 0],
				"cubes": [
					{"origin": [0, 40.80385, 18], "size": [0, 8, 8], "uv": [24, 8], "mirror": true}
				]
			},
			{
				"name": "Body",
				"pivot": [0, 24, 0],
				"cubes": [
					{"origin": [-4, 12, -2], "size": [8, 12, 4], "uv": [0, 32]},
					{"origin": [-4, 12, -2], "size": [8, 12, 4], "uv": [28, 28], "inflate": 0.25}
				]
			},
			{
				"name": "bone",
				"parent": "Body",
				"pivot": [0, 9, 15],
				"rotation": [45, 0, 0],
				"cubes": [
					{"origin": [-4, 26.7, 9], "size": [8, 4, 4], "uv": [48, 0], "inflate": 0.28}
				]
			},
			{
				"name": "tail",
				"pivot": [0, 2.9, 1.2],
				"rotation": [50, 0, 0],
				"cubes": [
					{"origin": [-2.5, 2.84741, 10.03532], "size": [5, 8, 1], "uv": [52, 28]}
				]
			},
			{
				"name": "RightArm",
				"pivot": [-5, 21.5, 0],
				"cubes": [
					{"origin": [-7, 11.5, -2], "size": [3, 12, 4], "uv": [52, 52]}
				]
			},
			{
				"name": "LeftArm",
				"pivot": [5, 21.5, 0],
				"cubes": [
					{"origin": [4, 11.5, -2], "size": [3, 12, 4], "uv": [0, 48]}
				]
			},
			{
				"name": "RightLeg",
				"pivot": [-1.9, 12, 0],
				"cubes": [
					{"origin": [-3.9, 0, -2], "size": [4, 12, 4], "uv": [44, 12]},
					{"origin": [-3.9, 0, -2], "size": [4, 12, 4], "uv": [36, 44], "inflate": 0.25}
				]
			},
			{
				"name": "LeftLeg",
				"pivot": [1.9, 12, 0],
				"cubes": [
					{"origin": [-0.1, 0, -2], "size": [4, 12, 4], "uv": [20, 44]},
					{"origin": [-0.1, 0, -2], "size": [4, 12, 4], "uv": [32, 0], "inflate": 0.25}
				]
			}
		]
	}
}