{"format_version":"1.12.0","minecraft:geometry":[{"description":{"identifier":"geometry.rabo.axolot_girl","texture_width":64,"texture_height":64,"visible_bounds_width":3,"visible_bounds_height":2.5,"visible_bounds_offset":[0,0.75,0]},"bones":[{"name":"rabo","pivot":[0,16,2],"rotation":[0,0,0],"cubes":[{"origin":[0,11,2],"size":[0,5,9],"uv":{"north":{"uv":[1,1],"uv_size":[9,5]},"east":{"uv":[1,1],"uv_size":[9,5]},"south":{"uv":[10,1],"uv_size":[9,5]},"west":{"uv":[1,1],"uv_size":[9,5]},"up":{"uv":[1,1],"uv_size":[9,0]},"down":{"uv":[10,1],"uv_size":[9,0]}}}]},{"name":"bone","parent":"rabo","pivot":[0,11,11],"cubes":[{"origin":[0,11,11],"size":[0,5,12],"uv":{"north":{"uv":[1,6],"uv_size":[12,5]},"east":{"uv":[1,6],"uv_size":[12,5]},"south":{"uv":[13,6],"uv_size":[12,5]},"west":{"uv":[1,11],"uv_size":[12,5]},"up":{"uv":[1,6],"uv_size":[12,0]},"down":{"uv":[13,6],"uv_size":[12,0]}}}]}]}]}