{
	"format_version": "1.8.0",
	"animations": {
		"animation.endergirl.arms_legs": {
			"loop": true,
			"bones": {
				"LeftArm": {
					"rotation": ["math.clamp(this, -22.92, 22.92) - this", 0, 0]
				},
				"LeftLeg": {
					"rotation": ["math.clamp(this, -22.92, 22.92) - this", 0, 0]
				},
				"RightArm": {
					"rotation": ["math.clamp(this, -22.92, 22.92) - this", 0, 0]
				},
				"RightLeg": {
					"rotation": ["math.clamp(this, -22.92, 22.92) - this", 0, 0]
				}
			}
		},
		"animation.endergirl.base_pose": {
			"loop": true,
			"bones": {
				"Body": {
					"rotation": ["-this", 0, 0],
					"position": {
						"0.0": ["-this", "11.0 - this", "-this"],
						"16.76": ["-this", "0- this", "-this"]
					}
				},
				"Head": {
					"position": ["-this", "-this", "-this"]
				},
				"LeftArm": {
					"position": {
						"0.0": ["4.0-this", 0, "-this"],
						"16.76": ["0-this", 0, "-this"]
					}
				},
				"LeftLeg": {
					"position": {
						"0.0": [0, "-5.0 - this", 0],
						"16.76": [0, "0- this", 0]
					}
				},
				"RightArm": {
					"position": {
						"0.0": ["-4.0-this", 0, "-this"],
						"16.76": ["0-this", 0, "-this"]
					}
				},
				"RightLeg": {
					"position": {
						"0.0": [0, "-5.0 - this", 0],
						"16.76": [0, "0- this", 0]
					}
				}
			}
		},
		"animation.endergirl.scary_face": {
			"loop": true,
			"animation_length": 16.76667,
			"bones": {
				"Head": {
					"position": {
						"0.0": [0, "1- this", 0],
						"16.76": [0, "1- this", 0]
					}
				},
				"bone2": {
					"position": [0, 0, 0]
				}
			}
		},
		"animation.endergirl.carrying": {
			"loop": true,
			"bones": {
				"LeftArm": {
					"rotation": ["-28.65 - this", 0, "-2.87 - this"]
				},
				"RightArm": {
					"rotation": ["-28.65 - this", 0, "2.87 - this"]
				}
			}
		}
	}
}