{
	"format_version": "1.8.0",
	"animations": {
		"animation.endergirl.base_pose_v1.0": {
			"loop": true,
			"bones": {
				"Body": {
					"rotation": ["-this", 0, 0],
					"position": ["-this", "0- this", "-this"]
				},
				"Head": {
					"position": [0, "0- this", "-this"]
				},
				"LeftArm": {
					"position": ["0- this", 0, "-this"]
				},
				"LeftLeg": {
					"position": [0, "0- this", "-this"]
				},
				"RightArm": {
					"position": ["0- this", 0, "-this"]
				},
				"RightLeg": {
					"position": [0, "0- this", "-this"]
				}
			}
		},
		"animation.endergirl.scary_face_v1.0": {
			"loop": true,
			"bones": {
				"Head": {
					"position": [0, 5, 0]
				}
			}
		}
	}
}