{"format_version":"1.8.0","minecraft:spawn_rules":{"description":{"identifier":"add:creeper_girl","population_control":"monster"},"conditions":[{"minecraft:spawns_on_surface":{},"minecraft:spawns_underground":{},"minecraft:brightness_filter":{"min":0,"max":7,"adjust_for_weather":true},"minecraft:difficulty_filter":{"min":"easy","max":"hard"},"minecraft:weight":{"default":100},"minecraft:density_limit":{"surface":5},"minecraft:biome_filter":{"test":"has_biome_tag","operator":"==","value":"monster"}}]}}