{"format_version":"1.8.0","minecraft:spawn_rules":{"description":{"identifier":"pa:dragon_girl","population_control":"monster"},"conditions":[{"minecraft:spawns_underground":{},"minecraft:spawns_on_surface":{},"minecraft:brightness_filter":{"min":1,"max":15,"adjust_for_weather":false},"minecraft:weight":{"default":6},"minecraft:herd":{"min_size":2,"max_size":4},"minecraft:density_limit":{"surface":8,"underground":8},"minecraft:biome_filter":[{"any_of":[{"test":"has_biome_tag","operator":"==","value":"the_end"}]}]},{"minecraft:spawns_underground":{},"minecraft:brightness_filter":{"min":1,"max":15,"adjust_for_weather":false},"minecraft:weight":{"default":6},"minecraft:herd":{"min_size":2,"max_size":4},"minecraft:density_limit":{"surface":8,"underground":8},"minecraft:biome_filter":[{"any_of":[{"test":"has_biome_tag","operator":"==","value":"the_end"}]}]}]}}