{"format_version":"1.8.0","minecraft:spawn_rules":{"description":{"identifier":"pa:mushroom_girl","population_control":"animal"},"conditions":[{"minecraft:spawns_on_surface":{},"minecraft:brightness_filter":{"min":9,"max":15,"adjust_for_weather":false},"minecraft:weight":{"default":8},"minecraft:herd":{"min_size":4,"max_size":8},"minecraft:biome_filter":{"test":"has_biome_tag","operator":"==","value":"mooshroom_island"}}]}}default": 8
        },
        "minecraft:herd": {
          "min_size":4,
          "max_size":8
        },
    
        "minecraft:biome_filter": {
          "test": "has_biome_tag", "operator":"==", "value": "mooshroom_island"
        }
      }
    ]
  }
}